{"cameraMode":{"drawMode":0,"name":"Shaded","section":"Shading Mode"},"sceneLighting":false,"audioPlay":false,"sceneViewState":{"showFog":true,"showMaterialUpdate":true,"showSkybox":false,"showFlares":true,"showImageEffects":true,"showParticleSystems":true},"in2DMode":false,"pivot":{"x":2.635316848754883,"y":14.942909240722657,"z":-15.255269050598145},"rotation":{"x":-0.5222768783569336,"y":0.17308096587657929,"z":-0.10918747633695603,"w":-0.8278663158416748},"size":6.752869606018066,"orthographic":false}