{"cameraMode":{"drawMode":0,"name":"Shaded","section":"Shading Mode"},"sceneLighting":true,"audioPlay":false,"sceneViewState":{"showFog":true,"showMaterialUpdate":true,"showSkybox":true,"showFlares":true,"showImageEffects":true,"showParticleSystems":true},"in2DMode":false,"pivot":{"x":0.06706114113330841,"y":39.53586959838867,"z":-3.377324104309082},"rotation":{"x":-0.7244705557823181,"y":0.006616078782826662,"z":-0.0069527230225503449,"w":-0.6892445683479309},"size":27.809711456298829,"orthographic":false}